rmse,mse,pearson,spearman,ci,rm2
0.4724220925392595,0.22318263,0.8501450242526022,0.7094768322605727,0.8964137878624291,0.7199818326624015