rmse,mse,pearson,spearman,ci,rm2
0.4760970046630425,0.22666836,0.8476555863895814,0.7188468471526678,0.9017682533048075,0.6971149667571304