rmse,mse,pearson,spearman,ci,rm2
0.47441109491066363,0.22506589,0.8493122803302577,0.7143323927831577,0.8990881244411411,0.7171198715801504