rmse,mse,pearson,spearman,ci,rm2
0.3782932592831061,0.14310579,0.8887376673547617,0.8800752816965288,0.8870055902772555,0.775102238868237