rmse,mse,pearson,spearman,ci,rm2
0.4741253366486742,0.22479483,0.848506005298379,0.7091359689316559,0.895804825637549,0.7060380327147319