rmse,mse,pearson,spearman,ci,rm2
0.4746979524818993,0.22533815,0.8487154862214809,0.7105708994674176,0.8969396501058289,0.7066105337448229