rmse,mse,pearson,spearman,ci,rm2
0.47414271642249134,0.22481132,0.8493349244143694,0.7099449643167832,0.896329529423958,0.7105412885060992