rmse,mse,pearson,spearman,ci,rm2
0.4784526861410594,0.22891697,0.8462725737112768,0.7133446632311766,0.8983406107601501,0.6965606689489081