rmse,mse,pearson,spearman,ci,rm2
0.38243132707177696,0.14625372,0.8860741544296965,0.8748843552315081,0.8826577707893913,0.7738670175551327