rmse,mse,pearson,spearman,ci,rm2
0.3557585488617186,0.12656415,0.902233483687866,0.8959845325306057,0.9011469382907406,0.8093588616716629