rmse,mse,pearson,spearman,ci,rm2
0.47823269323091366,0.22870651,0.8465519299664538,0.7058264288054075,0.894374285714727,0.7155114964538422